ts,sensor_name,value
2026-03-30 10:00:00,vibration_1,-0.028187
2026-03-30 10:00:05,vibration_1,-0.013156
2026-03-30 10:00:10,vibration_1,0.109457
2026-03-30 10:00:15,vibration_1,0.059282
2026-03-30 10:00:20,vibration_1,0.175495
2026-03-30 10:00:25,vibration_1,0.189897
2026-03-30 10:00:30,vibration_1,0.181765
2026-03-30 10:00:35,vibration_1,0.294136
2026-03-30 10:00:40,vibration_1,0.258667
2026-03-30 10:00:45,vibration_1,0.360932
2026-03-30 10:00:50,vibration_1,0.340667
2026-03-30 10:00:55,vibration_1,0.380913
2026-03-30 10:01:00,vibration_1,0.470102
2026-03-30 10:01:05,vibration_1,0.569037
2026-03-30 10:01:10,vibration_1,0.489806
2026-03-30 10:01:15,vibration_1,0.537583
2026-03-30 10:01:20,vibration_1,0.632652
2026-03-30 10:01:25,vibration_1,0.712747
2026-03-30 10:01:30,vibration_1,0.680682
2026-03-30 10:01:35,vibration_1,0.677357
2026-03-30 10:01:40,vibration_1,0.79388
2026-03-30 10:01:45,vibration_1,0.667109
2026-03-30 10:01:50,vibration_1,0.81712
2026-03-30 10:01:55,vibration_1,0.744292
2026-03-30 10:02:00,vibration_1,0.73726
2026-03-30 10:02:05,vibration_1,0.747245
2026-03-30 10:02:10,vibration_1,0.789931
2026-03-30 10:02:15,vibration_1,0.881258
2026-03-30 10:02:20,vibration_1,0.787599
2026-03-30 10:02:25,vibration_1,0.857626
2026-03-30 10:02:30,vibration_1,0.870549
2026-03-30 10:02:35,vibration_1,0.829516
2026-03-30 10:02:40,vibration_1,0.857035
2026-03-30 10:02:45,vibration_1,0.77676
2026-03-30 10:02:50,vibration_1,0.771428
2026-03-30 10:02:55,vibration_1,0.787898
2026-03-30 10:03:00,vibration_1,0.854751
2026-03-30 10:03:05,vibration_1,0.803158
2026-03-30 10:03:10,vibration_1,0.771806
2026-03-30 10:03:15,vibration_1,0.800006
2026-03-30 10:03:20,vibration_1,0.761612
2026-03-30 10:03:25,vibration_1,0.71791
2026-03-30 10:03:30,vibration_1,0.775998
2026-03-30 10:03:35,vibration_1,0.737846
2026-03-30 10:03:40,vibration_1,0.640387
2026-03-30 10:03:45,vibration_1,0.666844
2026-03-30 10:03:50,vibration_1,0.630918
2026-03-30 10:03:55,vibration_1,0.657274
2026-03-30 10:04:00,vibration_1,0.602821
2026-03-30 10:04:05,vibration_1,0.499608
2026-03-30 10:04:10,vibration_1,0.576445
2026-03-30 10:04:15,vibration_1,0.403326
2026-03-30 10:04:20,vibration_1,0.414979
2026-03-30 10:04:25,vibration_1,0.431785
2026-03-30 10:04:30,vibration_1,0.296537
2026-03-30 10:04:35,vibration_1,0.31114
2026-03-30 10:04:40,vibration_1,0.199075
2026-03-30 10:04:45,vibration_1,0.258924
2026-03-30 10:04:50,vibration_1,0.232961
2026-03-30 10:04:55,vibration_1,0.160454
2026-03-30 10:05:00,vibration_1,0.16661
2026-03-30 10:05:05,vibration_1,0.034227
2026-03-30 10:05:10,vibration_1,0.052608
2026-03-30 10:05:15,vibration_1,-0.006261
2026-03-30 10:05:20,vibration_1,-0.051245
2026-03-30 10:05:25,vibration_1,-0.11354
2026-03-30 10:05:30,vibration_1,-0.094375
2026-03-30 10:05:35,vibration_1,-0.119481
2026-03-30 10:05:40,vibration_1,-0.236153
2026-03-30 10:05:45,vibration_1,-0.246538
2026-03-30 10:05:50,vibration_1,-0.383199
2026-03-30 10:05:55,vibration_1,-0.319981
2026-03-30 10:06:00,vibration_1,-0.367102
2026-03-30 10:06:05,vibration_1,-0.349184
2026-03-30 10:06:10,vibration_1,-0.412927
2026-03-30 10:06:15,vibration_1,-0.534082
2026-03-30 10:06:20,vibration_1,-0.551811
2026-03-30 10:06:25,vibration_1,-0.539126
2026-03-30 10:06:30,vibration_1,-0.673642
2026-03-30 10:06:35,vibration_1,-0.633015
2026-03-30 10:06:40,vibration_1,-0.708049
2026-03-30 10:06:45,vibration_1,-0.742597
2026-03-30 10:06:50,vibration_1,-0.776574
2026-03-30 10:06:55,vibration_1,-0.68598
2026-03-30 10:07:00,vibration_1,-0.809253
2026-03-30 10:07:05,vibration_1,-0.809485
2026-03-30 10:07:10,vibration_1,-0.803764
2026-03-30 10:07:15,vibration_1,-0.742114
2026-03-30 10:07:20,vibration_1,-0.881851
2026-03-30 10:07:25,vibration_1,-0.834017
2026-03-30 10:07:30,vibration_1,-0.827034
2026-03-30 10:07:35,vibration_1,-0.780551
2026-03-30 10:07:40,vibration_1,-0.795629
2026-03-30 10:07:45,vibration_1,-0.791159
2026-03-30 10:07:50,vibration_1,-0.885386
2026-03-30 10:07:55,vibration_1,-0.861875
2026-03-30 10:08:00,vibration_1,-0.867166
2026-03-30 10:08:05,vibration_1,-0.777212
2026-03-30 10:08:10,vibration_1,-0.757441
2026-03-30 10:08:15,vibration_1,-0.876427
2026-03-30 10:08:20,vibration_1,-0.860203
2026-03-30 10:08:25,vibration_1,-0.837067
2026-03-30 10:08:30,vibration_1,-0.820621
2026-03-30 10:08:35,vibration_1,-0.762171
2026-03-30 10:08:40,vibration_1,-0.725396
2026-03-30 10:08:45,vibration_1,-0.755639
2026-03-30 10:08:50,vibration_1,-0.773233
2026-03-30 10:08:55,vibration_1,-0.681314
2026-03-30 10:09:00,vibration_1,-0.662033
2026-03-30 10:09:05,vibration_1,-0.601648
2026-03-30 10:09:10,vibration_1,-0.509369
2026-03-30 10:09:15,vibration_1,-0.519519
2026-03-30 10:09:20,vibration_1,-0.514262
2026-03-30 10:09:25,vibration_1,-0.463364
2026-03-30 10:09:30,vibration_1,-0.418206
2026-03-30 10:09:35,vibration_1,-0.480852
2026-03-30 10:09:40,vibration_1,-0.307623
2026-03-30 10:09:45,vibration_1,-0.287872
2026-03-30 10:09:50,vibration_1,-0.233024
2026-03-30 10:09:55,vibration_1,-0.204826
2026-03-30 10:00:00,vibration_2,-0.017219
2026-03-30 10:00:05,vibration_2,0.074162
2026-03-30 10:00:10,vibration_2,0.116305
2026-03-30 10:00:15,vibration_2,0.288824
2026-03-30 10:00:20,vibration_2,0.282196
2026-03-30 10:00:25,vibration_2,0.364354
2026-03-30 10:00:30,vibration_2,0.463944
2026-03-30 10:00:35,vibration_2,0.528319
2026-03-30 10:00:40,vibration_2,0.622687
2026-03-30 10:00:45,vibration_2,0.636072
2026-03-30 10:00:50,vibration_2,0.679932
2026-03-30 10:00:55,vibration_2,0.74866
2026-03-30 10:01:00,vibration_2,0.77713
2026-03-30 10:01:05,vibration_2,0.847021
2026-03-30 10:01:10,vibration_2,0.812097
2026-03-30 10:01:15,vibration_2,0.958117
2026-03-30 10:01:20,vibration_2,0.917612
2026-03-30 10:01:25,vibration_2,0.835183
2026-03-30 10:01:30,vibration_2,0.83483
2026-03-30 10:01:35,vibration_2,0.824274
2026-03-30 10:01:40,vibration_2,0.79261
2026-03-30 10:01:45,vibration_2,0.711429
2026-03-30 10:01:50,vibration_2,0.77724
2026-03-30 10:01:55,vibration_2,0.742658
2026-03-30 10:02:00,vibration_2,0.593969
2026-03-30 10:02:05,vibration_2,0.52642
2026-03-30 10:02:10,vibration_2,0.387002
2026-03-30 10:02:15,vibration_2,0.309288
2026-03-30 10:02:20,vibration_2,0.263671
2026-03-30 10:02:25,vibration_2,0.164205
2026-03-30 10:02:30,vibration_2,0.165417
2026-03-30 10:02:35,vibration_2,-0.031553
2026-03-30 10:02:40,vibration_2,-0.144099
2026-03-30 10:02:45,vibration_2,-0.085363
2026-03-30 10:02:50,vibration_2,-0.241136
2026-03-30 10:02:55,vibration_2,-0.387856
2026-03-30 10:03:00,vibration_2,-0.406714
2026-03-30 10:03:05,vibration_2,-0.567428
2026-03-30 10:03:10,vibration_2,-0.560425
2026-03-30 10:03:15,vibration_2,-0.555825
2026-03-30 10:03:20,vibration_2,-0.63533
2026-03-30 10:03:25,vibration_2,-0.716145
2026-03-30 10:03:30,vibration_2,-0.832284
2026-03-30 10:03:35,vibration_2,-0.853898
2026-03-30 10:03:40,vibration_2,-0.915943
2026-03-30 10:03:45,vibration_2,-0.840548
2026-03-30 10:03:50,vibration_2,-0.891305
2026-03-30 10:03:55,vibration_2,-0.85528
2026-03-30 10:04:00,vibration_2,-0.921504
2026-03-30 10:04:05,vibration_2,-0.923855
2026-03-30 10:04:10,vibration_2,-0.806109
2026-03-30 10:04:15,vibration_2,-0.746129
2026-03-30 10:04:20,vibration_2,-0.726745
2026-03-30 10:04:25,vibration_2,-0.685733
2026-03-30 10:04:30,vibration_2,-0.627893
2026-03-30 10:04:35,vibration_2,-0.577713
2026-03-30 10:04:40,vibration_2,-0.590859
2026-03-30 10:04:45,vibration_2,-0.469835
2026-03-30 10:04:50,vibration_2,-0.416514
2026-03-30 10:04:55,vibration_2,-0.385542
2026-03-30 10:05:00,vibration_2,-0.299351
2026-03-30 10:05:05,vibration_2,-0.170496
2026-03-30 10:05:10,vibration_2,-0.083752
2026-03-30 10:05:15,vibration_2,0.076023
2026-03-30 10:05:20,vibration_2,0.208245
2026-03-30 10:05:25,vibration_2,0.215377
2026-03-30 10:05:30,vibration_2,0.380102
2026-03-30 10:05:35,vibration_2,0.47149
2026-03-30 10:05:40,vibration_2,0.545457
2026-03-30 10:05:45,vibration_2,0.525479
2026-03-30 10:05:50,vibration_2,0.571366
2026-03-30 10:05:55,vibration_2,0.635122
2026-03-30 10:06:00,vibration_2,0.686178
2026-03-30 10:06:05,vibration_2,0.735865
2026-03-30 10:06:10,vibration_2,0.843568
2026-03-30 10:06:15,vibration_2,0.92
2026-03-30 10:06:20,vibration_2,0.934011
2026-03-30 10:06:25,vibration_2,0.890966
2026-03-30 10:06:30,vibration_2,0.924405
2026-03-30 10:06:35,vibration_2,0.944463
2026-03-30 10:06:40,vibration_2,0.817623
2026-03-30 10:06:45,vibration_2,0.888363
2026-03-30 10:06:50,vibration_2,0.898134
2026-03-30 10:06:55,vibration_2,0.839231
2026-03-30 10:07:00,vibration_2,0.787559
2026-03-30 10:07:05,vibration_2,0.689947
2026-03-30 10:07:10,vibration_2,0.580948
2026-03-30 10:07:15,vibration_2,0.611184
2026-03-30 10:07:20,vibration_2,0.464958
2026-03-30 10:07:25,vibration_2,0.461754
2026-03-30 10:07:30,vibration_2,0.406777
2026-03-30 10:07:35,vibration_2,0.228991
2026-03-30 10:07:40,vibration_2,0.141743
2026-03-30 10:07:45,vibration_2,0.139282
2026-03-30 10:07:50,vibration_2,0.013351
2026-03-30 10:07:55,vibration_2,-0.165599
2026-03-30 10:08:00,vibration_2,-0.261518
2026-03-30 10:08:05,vibration_2,-0.344665
2026-03-30 10:08:10,vibration_2,-0.308162
2026-03-30 10:08:15,vibration_2,-0.404221
2026-03-30 10:08:20,vibration_2,-0.585619
2026-03-30 10:08:25,vibration_2,-0.547169
2026-03-30 10:08:30,vibration_2,-0.586913
2026-03-30 10:08:35,vibration_2,-0.696247
2026-03-30 10:08:40,vibration_2,-0.795709
2026-03-30 10:08:45,vibration_2,-0.806559
2026-03-30 10:08:50,vibration_2,-0.907734
2026-03-30 10:08:55,vibration_2,-0.95219
2026-03-30 10:09:00,vibration_2,-0.816073
2026-03-30 10:09:05,vibration_2,-0.875413
2026-03-30 10:09:10,vibration_2,-0.893971
2026-03-30 10:09:15,vibration_2,-0.818637
2026-03-30 10:09:20,vibration_2,-0.879434
2026-03-30 10:09:25,vibration_2,-0.781417
2026-03-30 10:09:30,vibration_2,-0.752272
2026-03-30 10:09:35,vibration_2,-0.806128
2026-03-30 10:09:40,vibration_2,-0.747366
2026-03-30 10:09:45,vibration_2,-0.681403
2026-03-30 10:09:50,vibration_2,-0.623864
2026-03-30 10:09:55,vibration_2,-0.496712
2026-03-30 10:00:00,vibration_3,-0.038502
2026-03-30 10:00:05,vibration_3,0.129756
2026-03-30 10:00:10,vibration_3,0.223161
2026-03-30 10:00:15,vibration_3,0.480863
2026-03-30 10:00:20,vibration_3,0.515511
2026-03-30 10:00:25,vibration_3,0.643626
2026-03-30 10:00:30,vibration_3,0.76031
2026-03-30 10:00:35,vibration_3,0.891362
2026-03-30 10:00:40,vibration_3,0.874913
2026-03-30 10:00:45,vibration_3,0.99524
2026-03-30 10:00:50,vibration_3,0.948389
2026-03-30 10:00:55,vibration_3,0.951419
2026-03-30 10:01:00,vibration_3,0.926811
2026-03-30 10:01:05,vibration_3,0.801816
2026-03-30 10:01:10,vibration_3,0.80507
2026-03-30 10:01:15,vibration_3,0.681285
2026-03-30 10:01:20,vibration_3,0.55334
2026-03-30 10:01:25,vibration_3,0.566942
2026-03-30 10:01:30,vibration_3,0.341232
2026-03-30 10:01:35,vibration_3,0.255063
2026-03-30 10:01:40,vibration_3,0.155097
2026-03-30 10:01:45,vibration_3,-0.014837
2026-03-30 10:01:50,vibration_3,-0.194115
2026-03-30 10:01:55,vibration_3,-0.301961
2026-03-30 10:02:00,vibration_3,-0.42773
2026-03-30 10:02:05,vibration_3,-0.512912
2026-03-30 10:02:10,vibration_3,-0.73054
2026-03-30 10:02:15,vibration_3,-0.751841
2026-03-30 10:02:20,vibration_3,-0.878418
2026-03-30 10:02:25,vibration_3,-0.931534
2026-03-30 10:02:30,vibration_3,-0.889611
2026-03-30 10:02:35,vibration_3,-0.948091
2026-03-30 10:02:40,vibration_3,-0.934054
2026-03-30 10:02:45,vibration_3,-0.875514
2026-03-30 10:02:50,vibration_3,-0.803481
2026-03-30 10:02:55,vibration_3,-0.811192
2026-03-30 10:03:00,vibration_3,-0.698534
2026-03-30 10:03:05,vibration_3,-0.613815
2026-03-30 10:03:10,vibration_3,-0.49697
2026-03-30 10:03:15,vibration_3,-0.340968
2026-03-30 10:03:20,vibration_3,-0.24388
2026-03-30 10:03:25,vibration_3,-0.090018
2026-03-30 10:03:30,vibration_3,0.044218
2026-03-30 10:03:35,vibration_3,0.260365
2026-03-30 10:03:40,vibration_3,0.359286
2026-03-30 10:03:45,vibration_3,0.517912
2026-03-30 10:03:50,vibration_3,0.648283
2026-03-30 10:03:55,vibration_3,0.645828
2026-03-30 10:04:00,vibration_3,0.785044
2026-03-30 10:04:05,vibration_3,0.920072
2026-03-30 10:04:10,vibration_3,0.957904
2026-03-30 10:04:15,vibration_3,0.879293
2026-03-30 10:04:20,vibration_3,0.889385
2026-03-30 10:04:25,vibration_3,0.931677
2026-03-30 10:04:30,vibration_3,0.842203
2026-03-30 10:04:35,vibration_3,0.818088
2026-03-30 10:04:40,vibration_3,0.720765
2026-03-30 10:04:45,vibration_3,0.727753
2026-03-30 10:04:50,vibration_3,0.641737
2026-03-30 10:04:55,vibration_3,0.541966
2026-03-30 10:05:00,vibration_3,0.29443
2026-03-30 10:05:05,vibration_3,0.247636
2026-03-30 10:05:10,vibration_3,0.097202
2026-03-30 10:05:15,vibration_3,-0.128684
2026-03-30 10:05:20,vibration_3,-0.151804
2026-03-30 10:05:25,vibration_3,-0.274911
2026-03-30 10:05:30,vibration_3,-0.523308
2026-03-30 10:05:35,vibration_3,-0.523906
2026-03-30 10:05:40,vibration_3,-0.716916
2026-03-30 10:05:45,vibration_3,-0.791104
2026-03-30 10:05:50,vibration_3,-0.781206
2026-03-30 10:05:55,vibration_3,-0.857405
2026-03-30 10:06:00,vibration_3,-0.995104
2026-03-30 10:06:05,vibration_3,-0.960882
2026-03-30 10:06:10,vibration_3,-0.934855
2026-03-30 10:06:15,vibration_3,-0.929245
2026-03-30 10:06:20,vibration_3,-0.89783
2026-03-30 10:06:25,vibration_3,-0.804558
2026-03-30 10:06:30,vibration_3,-0.648749
2026-03-30 10:06:35,vibration_3,-0.654417
2026-03-30 10:06:40,vibration_3,-0.449018
2026-03-30 10:06:45,vibration_3,-0.336937
2026-03-30 10:06:50,vibration_3,-0.266831
2026-03-30 10:06:55,vibration_3,-0.074692
2026-03-30 10:07:00,vibration_3,0.115172
2026-03-30 10:07:05,vibration_3,0.238217
2026-03-30 10:07:10,vibration_3,0.302092
2026-03-30 10:07:15,vibration_3,0.576529
2026-03-30 10:07:20,vibration_3,0.660841
2026-03-30 10:07:25,vibration_3,0.79201
2026-03-30 10:07:30,vibration_3,0.738876
2026-03-30 10:07:35,vibration_3,0.831969
2026-03-30 10:07:40,vibration_3,0.843447
2026-03-30 10:07:45,vibration_3,0.98857
2026-03-30 10:07:50,vibration_3,0.912596
2026-03-30 10:07:55,vibration_3,0.873902
2026-03-30 10:08:00,vibration_3,0.883402
2026-03-30 10:08:05,vibration_3,0.904003
2026-03-30 10:08:10,vibration_3,0.812525
2026-03-30 10:08:15,vibration_3,0.628895
2026-03-30 10:08:20,vibration_3,0.502295
2026-03-30 10:08:25,vibration_3,0.503668
2026-03-30 10:08:30,vibration_3,0.316192
2026-03-30 10:08:35,vibration_3,0.198339
2026-03-30 10:08:40,vibration_3,-0.041812
2026-03-30 10:08:45,vibration_3,-0.189862
2026-03-30 10:08:50,vibration_3,-0.229191
2026-03-30 10:08:55,vibration_3,-0.405606
2026-03-30 10:09:00,vibration_3,-0.587488
2026-03-30 10:09:05,vibration_3,-0.562575
2026-03-30 10:09:10,vibration_3,-0.710477
2026-03-30 10:09:15,vibration_3,-0.76639
2026-03-30 10:09:20,vibration_3,-0.945425
2026-03-30 10:09:25,vibration_3,-0.866054
2026-03-30 10:09:30,vibration_3,-1.015667
2026-03-30 10:09:35,vibration_3,-0.890081
2026-03-30 10:09:40,vibration_3,-0.935801
2026-03-30 10:09:45,vibration_3,-0.913348
2026-03-30 10:09:50,vibration_3,-0.818184
2026-03-30 10:09:55,vibration_3,-0.678707
2026-03-30 10:00:00,vibration_4,-0.037142
2026-03-30 10:00:05,vibration_4,0.140386
2026-03-30 10:00:10,vibration_4,0.39568
2026-03-30 10:00:15,vibration_4,0.525419
2026-03-30 10:00:20,vibration_4,0.657821
2026-03-30 10:00:25,vibration_4,0.79016
2026-03-30 10:00:30,vibration_4,0.86239
2026-03-30 10:00:35,vibration_4,0.938969
2026-03-30 10:00:40,vibration_4,0.969208
2026-03-30 10:00:45,vibration_4,0.940433
2026-03-30 10:00:50,vibration_4,0.946347
2026-03-30 10:00:55,vibration_4,0.767961
2026-03-30 10:01:00,vibration_4,0.666026
2026-03-30 10:01:05,vibration_4,0.452087
2026-03-30 10:01:10,vibration_4,0.296464
2026-03-30 10:01:15,vibration_4,0.048239
2026-03-30 10:01:20,vibration_4,-0.115255
2026-03-30 10:01:25,vibration_4,-0.350497
2026-03-30 10:01:30,vibration_4,-0.422287
2026-03-30 10:01:35,vibration_4,-0.619524
2026-03-30 10:01:40,vibration_4,-0.8202
2026-03-30 10:01:45,vibration_4,-0.88633
2026-03-30 10:01:50,vibration_4,-0.888979
2026-03-30 10:01:55,vibration_4,-1.059129
2026-03-30 10:02:00,vibration_4,-0.942584
2026-03-30 10:02:05,vibration_4,-0.961908
2026-03-30 10:02:10,vibration_4,-0.870984
2026-03-30 10:02:15,vibration_4,-0.700713
2026-03-30 10:02:20,vibration_4,-0.625037
2026-03-30 10:02:25,vibration_4,-0.436046
2026-03-30 10:02:30,vibration_4,-0.218651
2026-03-30 10:02:35,vibration_4,0.026946
2026-03-30 10:02:40,vibration_4,0.125058
2026-03-30 10:02:45,vibration_4,0.397809
2026-03-30 10:02:50,vibration_4,0.558251
2026-03-30 10:02:55,vibration_4,0.706303
2026-03-30 10:03:00,vibration_4,0.801091
2026-03-30 10:03:05,vibration_4,0.89085
2026-03-30 10:03:10,vibration_4,0.90597
2026-03-30 10:03:15,vibration_4,0.940692
2026-03-30 10:03:20,vibration_4,0.913603
2026-03-30 10:03:25,vibration_4,0.963619
2026-03-30 10:03:30,vibration_4,0.791491
2026-03-30 10:03:35,vibration_4,0.648769
2026-03-30 10:03:40,vibration_4,0.479912
2026-03-30 10:03:45,vibration_4,0.422728
2026-03-30 10:03:50,vibration_4,0.234309
2026-03-30 10:03:55,vibration_4,0.002157
2026-03-30 10:04:00,vibration_4,-0.259161
2026-03-30 10:04:05,vibration_4,-0.455622
2026-03-30 10:04:10,vibration_4,-0.620896
2026-03-30 10:04:15,vibration_4,-0.744001
2026-03-30 10:04:20,vibration_4,-0.912321
2026-03-30 10:04:25,vibration_4,-0.951659
2026-03-30 10:04:30,vibration_4,-1.028343
2026-03-30 10:04:35,vibration_4,-0.924141
2026-03-30 10:04:40,vibration_4,-0.889762
2026-03-30 10:04:45,vibration_4,-0.88631
2026-03-30 10:04:50,vibration_4,-0.827177
2026-03-30 10:04:55,vibration_4,-0.572549
2026-03-30 10:05:00,vibration_4,-0.512226
2026-03-30 10:05:05,vibration_4,-0.319988
2026-03-30 10:05:10,vibration_4,-0.180191
2026-03-30 10:05:15,vibration_4,0.081422
2026-03-30 10:05:20,vibration_4,0.292985
2026-03-30 10:05:25,vibration_4,0.482196
2026-03-30 10:05:30,vibration_4,0.599213
2026-03-30 10:05:35,vibration_4,0.787046
2026-03-30 10:05:40,vibration_4,0.814634
2026-03-30 10:05:45,vibration_4,0.927649
2026-03-30 10:05:50,vibration_4,0.932387
2026-03-30 10:05:55,vibration_4,0.974383
2026-03-30 10:06:00,vibration_4,0.869657
2026-03-30 10:06:05,vibration_4,0.781126
2026-03-30 10:06:10,vibration_4,0.706192
2026-03-30 10:06:15,vibration_4,0.545035
2026-03-30 10:06:20,vibration_4,0.428069
2026-03-30 10:06:25,vibration_4,0.228941
2026-03-30 10:06:30,vibration_4,0.065217
2026-03-30 10:06:35,vibration_4,-0.149816
2026-03-30 10:06:40,vibration_4,-0.333566
2026-03-30 10:06:45,vibration_4,-0.48574
2026-03-30 10:06:50,vibration_4,-0.720327
2026-03-30 10:06:55,vibration_4,-0.858414
2026-03-30 10:07:00,vibration_4,-0.847521
2026-03-30 10:07:05,vibration_4,-1.038373
2026-03-30 10:07:10,vibration_4,-0.964056
2026-03-30 10:07:15,vibration_4,-0.954353
2026-03-30 10:07:20,vibration_4,-0.988235
2026-03-30 10:07:25,vibration_4,-0.762693
2026-03-30 10:07:30,vibration_4,-0.621836
2026-03-30 10:07:35,vibration_4,-0.504801
2026-03-30 10:07:40,vibration_4,-0.307227
2026-03-30 10:07:45,vibration_4,-0.100271
2026-03-30 10:07:50,vibration_4,-0.007466
2026-03-30 10:07:55,vibration_4,0.252491
2026-03-30 10:08:00,vibration_4,0.437815
2026-03-30 10:08:05,vibration_4,0.66152
2026-03-30 10:08:10,vibration_4,0.803
2026-03-30 10:08:15,vibration_4,0.922409
2026-03-30 10:08:20,vibration_4,0.964506
2026-03-30 10:08:25,vibration_4,1.056464
2026-03-30 10:08:30,vibration_4,1.025397
2026-03-30 10:08:35,vibration_4,0.989454
2026-03-30 10:08:40,vibration_4,0.839082
2026-03-30 10:08:45,vibration_4,0.695499
2026-03-30 10:08:50,vibration_4,0.568986
2026-03-30 10:08:55,vibration_4,0.437293
2026-03-30 10:09:00,vibration_4,0.209739
2026-03-30 10:09:05,vibration_4,0.129058
2026-03-30 10:09:10,vibration_4,-0.115969
2026-03-30 10:09:15,vibration_4,-0.300501
2026-03-30 10:09:20,vibration_4,-0.483427
2026-03-30 10:09:25,vibration_4,-0.637106
2026-03-30 10:09:30,vibration_4,-0.80328
2026-03-30 10:09:35,vibration_4,-0.984297
2026-03-30 10:09:40,vibration_4,-0.924
2026-03-30 10:09:45,vibration_4,-0.959567
2026-03-30 10:09:50,vibration_4,-0.986211
2026-03-30 10:09:55,vibration_4,-0.928697
2026-03-30 10:00:00,vibration_5,0.025488
2026-03-30 10:00:05,vibration_5,0.191692
2026-03-30 10:00:10,vibration_5,0.543727
2026-03-30 10:00:15,vibration_5,0.679125
2026-03-30 10:00:20,vibration_5,0.818456
2026-03-30 10:00:25,vibration_5,0.961099
2026-03-30 10:00:30,vibration_5,1.084622
2026-03-30 10:00:35,vibration_5,0.984236
2026-03-30 10:00:40,vibration_5,0.988441
2026-03-30 10:00:45,vibration_5,0.885157
2026-03-30 10:00:50,vibration_5,0.616206
2026-03-30 10:00:55,vibration_5,0.36774
2026-03-30 10:01:00,vibration_5,0.128242
2026-03-30 10:01:05,vibration_5,-0.102208
2026-03-30 10:01:10,vibration_5,-0.343816
2026-03-30 10:01:15,vibration_5,-0.598459
2026-03-30 10:01:20,vibration_5,-0.786197
2026-03-30 10:01:25,vibration_5,-1.017673
2026-03-30 10:01:30,vibration_5,-1.087814
2026-03-30 10:01:35,vibration_5,-1.087298
2026-03-30 10:01:40,vibration_5,-0.959695
2026-03-30 10:01:45,vibration_5,-0.917838
2026-03-30 10:01:50,vibration_5,-0.707933
2026-03-30 10:01:55,vibration_5,-0.583846
2026-03-30 10:02:00,vibration_5,-0.331419
2026-03-30 10:02:05,vibration_5,-0.036996
2026-03-30 10:02:10,vibration_5,0.288645
2026-03-30 10:02:15,vibration_5,0.536591
2026-03-30 10:02:20,vibration_5,0.746888
2026-03-30 10:02:25,vibration_5,0.853081
2026-03-30 10:02:30,vibration_5,1.001255
2026-03-30 10:02:35,vibration_5,1.042274
2026-03-30 10:02:40,vibration_5,1.026016
2026-03-30 10:02:45,vibration_5,0.889029
2026-03-30 10:02:50,vibration_5,0.872025
2026-03-30 10:02:55,vibration_5,0.569055
2026-03-30 10:03:00,vibration_5,0.463031
2026-03-30 10:03:05,vibration_5,0.201401
2026-03-30 10:03:10,vibration_5,-0.208799
2026-03-30 10:03:15,vibration_5,-0.393095
2026-03-30 10:03:20,vibration_5,-0.565991
2026-03-30 10:03:25,vibration_5,-0.734142
2026-03-30 10:03:30,vibration_5,-0.958156
2026-03-30 10:03:35,vibration_5,-1.068416
2026-03-30 10:03:40,vibration_5,-1.094354
2026-03-30 10:03:45,vibration_5,-0.927315
2026-03-30 10:03:50,vibration_5,-0.932831
2026-03-30 10:03:55,vibration_5,-0.705739
2026-03-30 10:04:00,vibration_5,-0.563163
2026-03-30 10:04:05,vibration_5,-0.257274
2026-03-30 10:04:10,vibration_5,0.072438
2026-03-30 10:04:15,vibration_5,0.202341
2026-03-30 10:04:20,vibration_5,0.557076
2026-03-30 10:04:25,vibration_5,0.720174
2026-03-30 10:04:30,vibration_5,0.948442
2026-03-30 10:04:35,vibration_5,1.031143
2026-03-30 10:04:40,vibration_5,1.004949
2026-03-30 10:04:45,vibration_5,1.095035
2026-03-30 10:04:50,vibration_5,0.947851
2026-03-30 10:04:55,vibration_5,0.733012
2026-03-30 10:05:00,vibration_5,0.537749
2026-03-30 10:05:05,vibration_5,0.385202
2026-03-30 10:05:10,vibration_5,0.123722
2026-03-30 10:05:15,vibration_5,-0.163288
2026-03-30 10:05:20,vibration_5,-0.444018
2026-03-30 10:05:25,vibration_5,-0.642141
2026-03-30 10:05:30,vibration_5,-0.838466
2026-03-30 10:05:35,vibration_5,-0.895631
2026-03-30 10:05:40,vibration_5,-1.111123
2026-03-30 10:05:45,vibration_5,-1.007811
2026-03-30 10:05:50,vibration_5,-0.944352
2026-03-30 10:05:55,vibration_5,-0.947338
2026-03-30 10:06:00,vibration_5,-0.650551
2026-03-30 10:06:05,vibration_5,-0.471758
2026-03-30 10:06:10,vibration_5,-0.196874
2026-03-30 10:06:15,vibration_5,-0.033627
2026-03-30 10:06:20,vibration_5,0.24068
2026-03-30 10:06:25,vibration_5,0.488705
2026-03-30 10:06:30,vibration_5,0.798581
2026-03-30 10:06:35,vibration_5,0.900813
2026-03-30 10:06:40,vibration_5,0.976323
2026-03-30 10:06:45,vibration_5,1.036417
2026-03-30 10:06:50,vibration_5,0.995426
2026-03-30 10:06:55,vibration_5,0.877791
2026-03-30 10:07:00,vibration_5,0.745312
2026-03-30 10:07:05,vibration_5,0.670723
2026-03-30 10:07:10,vibration_5,0.35223
2026-03-30 10:07:15,vibration_5,0.201294
2026-03-30 10:07:20,vibration_5,-0.171708
2026-03-30 10:07:25,vibration_5,-0.424014
2026-03-30 10:07:30,vibration_5,-0.61542
2026-03-30 10:07:35,vibration_5,-0.858663
2026-03-30 10:07:40,vibration_5,-0.970333
2026-03-30 10:07:45,vibration_5,-0.958415
2026-03-30 10:07:50,vibration_5,-0.986445
2026-03-30 10:07:55,vibration_5,-0.948695
2026-03-30 10:08:00,vibration_5,-0.865601
2026-03-30 10:08:05,vibration_5,-0.652627
2026-03-30 10:08:10,vibration_5,-0.435329
2026-03-30 10:08:15,vibration_5,-0.253248
2026-03-30 10:08:20,vibration_5,0.035132
2026-03-30 10:08:25,vibration_5,0.189041
2026-03-30 10:08:30,vibration_5,0.543018
2026-03-30 10:08:35,vibration_5,0.710912
2026-03-30 10:08:40,vibration_5,0.926971
2026-03-30 10:08:45,vibration_5,1.021728
2026-03-30 10:08:50,vibration_5,1.013721
2026-03-30 10:08:55,vibration_5,0.959238
2026-03-30 10:09:00,vibration_5,1.018353
2026-03-30 10:09:05,vibration_5,0.749409
2026-03-30 10:09:10,vibration_5,0.612724
2026-03-30 10:09:15,vibration_5,0.361517
2026-03-30 10:09:20,vibration_5,0.099243
2026-03-30 10:09:25,vibration_5,-0.093355
2026-03-30 10:09:30,vibration_5,-0.310323
2026-03-30 10:09:35,vibration_5,-0.655547
2026-03-30 10:09:40,vibration_5,-0.78408
2026-03-30 10:09:45,vibration_5,-0.981935
2026-03-30 10:09:50,vibration_5,-1.02223
2026-03-30 10:09:55,vibration_5,-1.064829
2026-03-30 10:00:00,vibration_6,-0.053227
2026-03-30 10:00:05,vibration_6,0.272611
2026-03-30 10:00:10,vibration_6,0.577255
2026-03-30 10:00:15,vibration_6,0.929871
2026-03-30 10:00:20,vibration_6,1.027294
2026-03-30 10:00:25,vibration_6,1.053033
2026-03-30 10:00:30,vibration_6,1.133796
2026-03-30 10:00:35,vibration_6,1.022715
2026-03-30 10:00:40,vibration_6,0.724607
2026-03-30 10:00:45,vibration_6,0.398149
2026-03-30 10:00:50,vibration_6,0.088652
2026-03-30 10:00:55,vibration_6,-0.258011
2026-03-30 10:01:00,vibration_6,-0.530825
2026-03-30 10:01:05,vibration_6,-0.83834
2026-03-30 10:01:10,vibration_6,-1.01226
2026-03-30 10:01:15,vibration_6,-1.119179
2026-03-30 10:01:20,vibration_6,-1.081834
2026-03-30 10:01:25,vibration_6,-0.944805
2026-03-30 10:01:30,vibration_6,-0.789731
2026-03-30 10:01:35,vibration_6,-0.591647
2026-03-30 10:01:40,vibration_6,-0.287338
2026-03-30 10:01:45,vibration_6,0.059136
2026-03-30 10:01:50,vibration_6,0.359406
2026-03-30 10:01:55,vibration_6,0.642836
2026-03-30 10:02:00,vibration_6,0.827903
2026-03-30 10:02:05,vibration_6,1.010565
2026-03-30 10:02:10,vibration_6,1.174743
2026-03-30 10:02:15,vibration_6,0.994514
2026-03-30 10:02:20,vibration_6,0.914199
2026-03-30 10:02:25,vibration_6,0.711201
2026-03-30 10:02:30,vibration_6,0.462995
2026-03-30 10:02:35,vibration_6,0.037414
2026-03-30 10:02:40,vibration_6,-0.283334
2026-03-30 10:02:45,vibration_6,-0.594233
2026-03-30 10:02:50,vibration_6,-0.827303
2026-03-30 10:02:55,vibration_6,-1.003972
2026-03-30 10:03:00,vibration_6,-1.016877
2026-03-30 10:03:05,vibration_6,-1.029565
2026-03-30 10:03:10,vibration_6,-0.923563
2026-03-30 10:03:15,vibration_6,-0.86885
2026-03-30 10:03:20,vibration_6,-0.60477
2026-03-30 10:03:25,vibration_6,-0.186159
2026-03-30 10:03:30,vibration_6,0.173709
2026-03-30 10:03:35,vibration_6,0.426234
2026-03-30 10:03:40,vibration_6,0.72571
2026-03-30 10:03:45,vibration_6,0.848789
2026-03-30 10:03:50,vibration_6,1.044563
2026-03-30 10:03:55,vibration_6,1.167511
2026-03-30 10:04:00,vibration_6,1.089384
2026-03-30 10:04:05,vibration_6,0.938598
2026-03-30 10:04:10,vibration_6,0.722122
2026-03-30 10:04:15,vibration_6,0.312792
2026-03-30 10:04:20,vibration_6,-0.03491
2026-03-30 10:04:25,vibration_6,-0.355547
2026-03-30 10:04:30,vibration_6,-0.597455
2026-03-30 10:04:35,vibration_6,-0.818433
2026-03-30 10:04:40,vibration_6,-0.946946
2026-03-30 10:04:45,vibration_6,-1.060269
2026-03-30 10:04:50,vibration_6,-1.051419
2026-03-30 10:04:55,vibration_6,-0.914834
2026-03-30 10:05:00,vibration_6,-0.75983
2026-03-30 10:05:05,vibration_6,-0.472587
2026-03-30 10:05:10,vibration_6,-0.238921
2026-03-30 10:05:15,vibration_6,0.210416
2026-03-30 10:05:20,vibration_6,0.43804
2026-03-30 10:05:25,vibration_6,0.820189
2026-03-30 10:05:30,vibration_6,0.980483
2026-03-30 10:05:35,vibration_6,1.0436
2026-03-30 10:05:40,vibration_6,1.036222
2026-03-30 10:05:45,vibration_6,0.977872
2026-03-30 10:05:50,vibration_6,0.869371
2026-03-30 10:05:55,vibration_6,0.632807
2026-03-30 10:06:00,vibration_6,0.238188
2026-03-30 10:06:05,vibration_6,-0.096387
2026-03-30 10:06:10,vibration_6,-0.349128
2026-03-30 10:06:15,vibration_6,-0.633301
2026-03-30 10:06:20,vibration_6,-0.899631
2026-03-30 10:06:25,vibration_6,-1.081516
2026-03-30 10:06:30,vibration_6,-1.083049
2026-03-30 10:06:35,vibration_6,-1.140246
2026-03-30 10:06:40,vibration_6,-0.960517
2026-03-30 10:06:45,vibration_6,-0.718051
2026-03-30 10:06:50,vibration_6,-0.357081
2026-03-30 10:06:55,vibration_6,-0.087266
2026-03-30 10:07:00,vibration_6,0.281085
2026-03-30 10:07:05,vibration_6,0.525978
2026-03-30 10:07:10,vibration_6,0.749903
2026-03-30 10:07:15,vibration_6,0.942755
2026-03-30 10:07:20,vibration_6,1.159053
2026-03-30 10:07:25,vibration_6,1.122252
2026-03-30 10:07:30,vibration_6,0.964493
2026-03-30 10:07:35,vibration_6,0.73475
2026-03-30 10:07:40,vibration_6,0.553715
2026-03-30 10:07:45,vibration_6,0.274612
2026-03-30 10:07:50,vibration_6,-0.095657
2026-03-30 10:07:55,vibration_6,-0.443776
2026-03-30 10:08:00,vibration_6,-0.663684
2026-03-30 10:08:05,vibration_6,-0.84563
2026-03-30 10:08:10,vibration_6,-1.098088
2026-03-30 10:08:15,vibration_6,-1.174458
2026-03-30 10:08:20,vibration_6,-1.072074
2026-03-30 10:08:25,vibration_6,-0.910684
2026-03-30 10:08:30,vibration_6,-0.639513
2026-03-30 10:08:35,vibration_6,-0.427414
2026-03-30 10:08:40,vibration_6,-0.007738
2026-03-30 10:08:45,vibration_6,0.31182
2026-03-30 10:08:50,vibration_6,0.578473
2026-03-30 10:08:55,vibration_6,0.782511
2026-03-30 10:09:00,vibration_6,1.081943
2026-03-30 10:09:05,vibration_6,1.062847
2026-03-30 10:09:10,vibration_6,1.131717
2026-03-30 10:09:15,vibration_6,0.92745
2026-03-30 10:09:20,vibration_6,0.728346
2026-03-30 10:09:25,vibration_6,0.547213
2026-03-30 10:09:30,vibration_6,0.159715
2026-03-30 10:09:35,vibration_6,-0.065558
2026-03-30 10:09:40,vibration_6,-0.456491
2026-03-30 10:09:45,vibration_6,-0.782643
2026-03-30 10:09:50,vibration_6,-0.987547
2026-03-30 10:09:55,vibration_6,-1.08207
2026-03-30 10:00:00,vibration_7,0.026447
2026-03-30 10:00:05,vibration_7,0.468141
2026-03-30 10:00:10,vibration_7,0.687536
2026-03-30 10:00:15,vibration_7,0.983665
2026-03-30 10:00:20,vibration_7,1.088761
2026-03-30 10:00:25,vibration_7,1.205489
2026-03-30 10:00:30,vibration_7,0.928861
2026-03-30 10:00:35,vibration_7,0.65014
2026-03-30 10:00:40,vibration_7,0.298707
2026-03-30 10:00:45,vibration_7,-0.045968
2026-03-30 10:00:50,vibration_7,-0.359636
2026-03-30 10:00:55,vibration_7,-0.70454
2026-03-30 10:01:00,vibration_7,-0.977399
2026-03-30 10:01:05,vibration_7,-1.059426
2026-03-30 10:01:10,vibration_7,-1.054803
2026-03-30 10:01:15,vibration_7,-0.998298
2026-03-30 10:01:20,vibration_7,-0.749438
2026-03-30 10:01:25,vibration_7,-0.271857
2026-03-30 10:01:30,vibration_7,0.09719
2026-03-30 10:01:35,vibration_7,0.375183
2026-03-30 10:01:40,vibration_7,0.813538
2026-03-30 10:01:45,vibration_7,1.008497
2026-03-30 10:01:50,vibration_7,1.122474
2026-03-30 10:01:55,vibration_7,1.090448
2026-03-30 10:02:00,vibration_7,0.902267
2026-03-30 10:02:05,vibration_7,0.596412
2026-03-30 10:02:10,vibration_7,0.278664
2026-03-30 10:02:15,vibration_7,-0.110391
2026-03-30 10:02:20,vibration_7,-0.40365
2026-03-30 10:02:25,vibration_7,-0.868254
2026-03-30 10:02:30,vibration_7,-0.966268
2026-03-30 10:02:35,vibration_7,-1.192369
2026-03-30 10:02:40,vibration_7,-1.133128
2026-03-30 10:02:45,vibration_7,-0.887338
2026-03-30 10:02:50,vibration_7,-0.600838
2026-03-30 10:02:55,vibration_7,-0.296801
2026-03-30 10:03:00,vibration_7,0.043297
2026-03-30 10:03:05,vibration_7,0.498437
2026-03-30 10:03:10,vibration_7,0.80799
2026-03-30 10:03:15,vibration_7,1.119648
2026-03-30 10:03:20,vibration_7,1.098615
2026-03-30 10:03:25,vibration_7,1.08058
2026-03-30 10:03:30,vibration_7,0.985321
2026-03-30 10:03:35,vibration_7,0.553199
2026-03-30 10:03:40,vibration_7,0.24364
2026-03-30 10:03:45,vibration_7,-0.094241
2026-03-30 10:03:50,vibration_7,-0.48585
2026-03-30 10:03:55,vibration_7,-0.921636
2026-03-30 10:04:00,vibration_7,-1.138262
2026-03-30 10:04:05,vibration_7,-1.21917
2026-03-30 10:04:10,vibration_7,-1.026503
2026-03-30 10:04:15,vibration_7,-0.943109
2026-03-30 10:04:20,vibration_7,-0.564385
2026-03-30 10:04:25,vibration_7,-0.165898
2026-03-30 10:04:30,vibration_7,0.147011
2026-03-30 10:04:35,vibration_7,0.517587
2026-03-30 10:04:40,vibration_7,0.940619
2026-03-30 10:04:45,vibration_7,1.093195
2026-03-30 10:04:50,vibration_7,1.111857
2026-03-30 10:04:55,vibration_7,1.119101
2026-03-30 10:05:00,vibration_7,0.856728
2026-03-30 10:05:05,vibration_7,0.543268
2026-03-30 10:05:10,vibration_7,0.12188
2026-03-30 10:05:15,vibration_7,-0.160372
2026-03-30 10:05:20,vibration_7,-0.512533
2026-03-30 10:05:25,vibration_7,-0.864653
2026-03-30 10:05:30,vibration_7,-1.013519
2026-03-30 10:05:35,vibration_7,-1.226028
2026-03-30 10:05:40,vibration_7,-1.11706
2026-03-30 10:05:45,vibration_7,-0.871359
2026-03-30 10:05:50,vibration_7,-0.480932
2026-03-30 10:05:55,vibration_7,-0.100134
2026-03-30 10:06:00,vibration_7,0.211509
2026-03-30 10:06:05,vibration_7,0.564118
2026-03-30 10:06:10,vibration_7,0.893022
2026-03-30 10:06:15,vibration_7,1.092671
2026-03-30 10:06:20,vibration_7,1.217679
2026-03-30 10:06:25,vibration_7,1.013109
2026-03-30 10:06:30,vibration_7,0.896551
2026-03-30 10:06:35,vibration_7,0.566675
2026-03-30 10:06:40,vibration_7,0.195774
2026-03-30 10:06:45,vibration_7,-0.214262
2026-03-30 10:06:50,vibration_7,-0.611193
2026-03-30 10:06:55,vibration_7,-0.949354
2026-03-30 10:07:00,vibration_7,-1.131172
2026-03-30 10:07:05,vibration_7,-1.169833
2026-03-30 10:07:10,vibration_7,-1.007368
2026-03-30 10:07:15,vibration_7,-0.895713
2026-03-30 10:07:20,vibration_7,-0.551113
2026-03-30 10:07:25,vibration_7,-0.074954
2026-03-30 10:07:30,vibration_7,0.245563
2026-03-30 10:07:35,vibration_7,0.582717
2026-03-30 10:07:40,vibration_7,0.864208
2026-03-30 10:07:45,vibration_7,1.118604
2026-03-30 10:07:50,vibration_7,1.117675
2026-03-30 10:07:55,vibration_7,1.117392
2026-03-30 10:08:00,vibration_7,0.869403
2026-03-30 10:08:05,vibration_7,0.554584
2026-03-30 10:08:10,vibration_7,0.049008
2026-03-30 10:08:15,vibration_7,-0.380442
2026-03-30 10:08:20,vibration_7,-0.740525
2026-03-30 10:08:25,vibration_7,-0.955429
2026-03-30 10:08:30,vibration_7,-1.083813
2026-03-30 10:08:35,vibration_7,-1.151139
2026-03-30 10:08:40,vibration_7,-1.070446
2026-03-30 10:08:45,vibration_7,-0.800535
2026-03-30 10:08:50,vibration_7,-0.43083
2026-03-30 10:08:55,vibration_7,-0.029924
2026-03-30 10:09:00,vibration_7,0.381274
2026-03-30 10:09:05,vibration_7,0.754638
2026-03-30 10:09:10,vibration_7,0.997285
2026-03-30 10:09:15,vibration_7,1.063245
2026-03-30 10:09:20,vibration_7,1.19357
2026-03-30 10:09:25,vibration_7,0.98164
2026-03-30 10:09:30,vibration_7,0.776615
2026-03-30 10:09:35,vibration_7,0.403019
2026-03-30 10:09:40,vibration_7,0.06699
2026-03-30 10:09:45,vibration_7,-0.417215
2026-03-30 10:09:50,vibration_7,-0.762256
2026-03-30 10:09:55,vibration_7,-1.026901
2026-03-30 10:00:00,vibration_8,-0.055468
2026-03-30 10:00:05,vibration_8,0.531115
2026-03-30 10:00:10,vibration_8,0.876896
2026-03-30 10:00:15,vibration_8,1.093409
2026-03-30 10:00:20,vibration_8,1.182519
2026-03-30 10:00:25,vibration_8,1.164584
2026-03-30 10:00:30,vibration_8,0.800386
2026-03-30 10:00:35,vibration_8,0.342153
2026-03-30 10:00:40,vibration_8,-0.041041
2026-03-30 10:00:45,vibration_8,-0.526964
2026-03-30 10:00:50,vibration_8,-0.846063
2026-03-30 10:00:55,vibration_8,-1.213853
2026-03-30 10:01:00,vibration_8,-1.196372
2026-03-30 10:01:05,vibration_8,-0.993164
2026-03-30 10:01:10,vibration_8,-0.675027
2026-03-30 10:01:15,vibration_8,-0.232128
2026-03-30 10:01:20,vibration_8,0.106729
2026-03-30 10:01:25,vibration_8,0.597198
2026-03-30 10:01:30,vibration_8,0.918682
2026-03-30 10:01:35,vibration_8,1.123053
2026-03-30 10:01:40,vibration_8,1.254419
2026-03-30 10:01:45,vibration_8,1.010026
2026-03-30 10:01:50,vibration_8,0.724501
2026-03-30 10:01:55,vibration_8,0.189586
2026-03-30 10:02:00,vibration_8,-0.210545
2026-03-30 10:02:05,vibration_8,-0.713484
2026-03-30 10:02:10,vibration_8,-1.06744
2026-03-30 10:02:15,vibration_8,-1.14411
2026-03-30 10:02:20,vibration_8,-1.087146
2026-03-30 10:02:25,vibration_8,-1.006621
2026-03-30 10:02:30,vibration_8,-0.562721
2026-03-30 10:02:35,vibration_8,-0.101242
2026-03-30 10:02:40,vibration_8,0.311273
2026-03-30 10:02:45,vibration_8,0.755461
2026-03-30 10:02:50,vibration_8,1.015229
2026-03-30 10:02:55,vibration_8,1.150268
2026-03-30 10:03:00,vibration_8,1.092375
2026-03-30 10:03:05,vibration_8,0.900923
2026-03-30 10:03:10,vibration_8,0.521514
2026-03-30 10:03:15,vibration_8,-0.017293
2026-03-30 10:03:20,vibration_8,-0.519929
2026-03-30 10:03:25,vibration_8,-0.87082
2026-03-30 10:03:30,vibration_8,-1.081561
2026-03-30 10:03:35,vibration_8,-1.250282
2026-03-30 10:03:40,vibration_8,-1.128338
2026-03-30 10:03:45,vibration_8,-0.868911
2026-03-30 10:03:50,vibration_8,-0.366327
2026-03-30 10:03:55,vibration_8,0.06798
2026-03-30 10:04:00,vibration_8,0.454662
2026-03-30 10:04:05,vibration_8,0.841324
2026-03-30 10:04:10,vibration_8,1.124515
2026-03-30 10:04:15,vibration_8,1.203382
2026-03-30 10:04:20,vibration_8,1.081019
2026-03-30 10:04:25,vibration_8,0.687814
2026-03-30 10:04:30,vibration_8,0.273733
2026-03-30 10:04:35,vibration_8,-0.119135
2026-03-30 10:04:40,vibration_8,-0.618782
2026-03-30 10:04:45,vibration_8,-0.996552
2026-03-30 10:04:50,vibration_8,-1.196743
2026-03-30 10:04:55,vibration_8,-1.111513
2026-03-30 10:05:00,vibration_8,-1.043216
2026-03-30 10:05:05,vibration_8,-0.67008
2026-03-30 10:05:10,vibration_8,-0.262503
2026-03-30 10:05:15,vibration_8,0.226283
2026-03-30 10:05:20,vibration_8,0.739002
2026-03-30 10:05:25,vibration_8,1.092653
2026-03-30 10:05:30,vibration_8,1.162228
2026-03-30 10:05:35,vibration_8,1.11751
2026-03-30 10:05:40,vibration_8,0.998365
2026-03-30 10:05:45,vibration_8,0.556935
2026-03-30 10:05:50,vibration_8,0.07134
2026-03-30 10:05:55,vibration_8,-0.263281
2026-03-30 10:06:00,vibration_8,-0.765429
2026-03-30 10:06:05,vibration_8,-1.00749
2026-03-30 10:06:10,vibration_8,-1.210366
2026-03-30 10:06:15,vibration_8,-1.080014
2026-03-30 10:06:20,vibration_8,-0.911357
2026-03-30 10:06:25,vibration_8,-0.578532
2026-03-30 10:06:30,vibration_8,-0.13792
2026-03-30 10:06:35,vibration_8,0.421819
2026-03-30 10:06:40,vibration_8,0.843963
2026-03-30 10:06:45,vibration_8,1.163857
2026-03-30 10:06:50,vibration_8,1.13415
2026-03-30 10:06:55,vibration_8,1.129644
2026-03-30 10:07:00,vibration_8,0.822515
2026-03-30 10:07:05,vibration_8,0.442464
2026-03-30 10:07:10,vibration_8,-0.086814
2026-03-30 10:07:15,vibration_8,-0.531923
2026-03-30 10:07:20,vibration_8,-0.88163
2026-03-30 10:07:25,vibration_8,-1.063509
2026-03-30 10:07:30,vibration_8,-1.260225
2026-03-30 10:07:35,vibration_8,-1.074128
2026-03-30 10:07:40,vibration_8,-0.727697
2026-03-30 10:07:45,vibration_8,-0.28175
2026-03-30 10:07:50,vibration_8,0.072009
2026-03-30 10:07:55,vibration_8,0.518368
2026-03-30 10:08:00,vibration_8,1.014438
2026-03-30 10:08:05,vibration_8,1.234545
2026-03-30 10:08:10,vibration_8,1.185792
2026-03-30 10:08:15,vibration_8,0.957572
2026-03-30 10:08:20,vibration_8,0.773529
2026-03-30 10:08:25,vibration_8,0.251188
2026-03-30 10:08:30,vibration_8,-0.145352
2026-03-30 10:08:35,vibration_8,-0.636418
2026-03-30 10:08:40,vibration_8,-0.944786
2026-03-30 10:08:45,vibration_8,-1.233101
2026-03-30 10:08:50,vibration_8,-1.12699
2026-03-30 10:08:55,vibration_8,-1.024075
2026-03-30 10:09:00,vibration_8,-0.645492
2026-03-30 10:09:05,vibration_8,-0.124854
2026-03-30 10:09:10,vibration_8,0.351098
2026-03-30 10:09:15,vibration_8,0.678791
2026-03-30 10:09:20,vibration_8,0.999122
2026-03-30 10:09:25,vibration_8,1.176293
2026-03-30 10:09:30,vibration_8,1.153089
2026-03-30 10:09:35,vibration_8,0.905988
2026-03-30 10:09:40,vibration_8,0.491185
2026-03-30 10:09:45,vibration_8,0.049922
2026-03-30 10:09:50,vibration_8,-0.349151
2026-03-30 10:09:55,vibration_8,-0.735647
2026-03-30 10:00:00,vibration_9,-0.073424
2026-03-30 10:00:05,vibration_9,0.55637
2026-03-30 10:00:10,vibration_9,1.024054
2026-03-30 10:00:15,vibration_9,1.147686
2026-03-30 10:00:20,vibration_9,1.268652
2026-03-30 10:00:25,vibration_9,0.901979
2026-03-30 10:00:30,vibration_9,0.533893
2026-03-30 10:00:35,vibration_9,-0.023404
2026-03-30 10:00:40,vibration_9,-0.554148
2026-03-30 10:00:45,vibration_9,-1.032964
2026-03-30 10:00:50,vibration_9,-1.240648
2026-03-30 10:00:55,vibration_9,-1.193507
2026-03-30 10:01:00,vibration_9,-0.954696
2026-03-30 10:01:05,vibration_9,-0.463802
2026-03-30 10:01:10,vibration_9,0.054292
2026-03-30 10:01:15,vibration_9,0.592329
2026-03-30 10:01:20,vibration_9,0.944164
2026-03-30 10:01:25,vibration_9,1.25238
2026-03-30 10:01:30,vibration_9,1.196472
2026-03-30 10:01:35,vibration_9,0.879532
2026-03-30 10:01:40,vibration_9,0.502326
2026-03-30 10:01:45,vibration_9,-0.049363
2026-03-30 10:01:50,vibration_9,-0.636203
2026-03-30 10:01:55,vibration_9,-1.089514
2026-03-30 10:02:00,vibration_9,-1.242362
2026-03-30 10:02:05,vibration_9,-1.251688
2026-03-30 10:02:10,vibration_9,-0.959833
2026-03-30 10:02:15,vibration_9,-0.441908
2026-03-30 10:02:20,vibration_9,0.060126
2026-03-30 10:02:25,vibration_9,0.647183
2026-03-30 10:02:30,vibration_9,1.057036
2026-03-30 10:02:35,vibration_9,1.168537
2026-03-30 10:02:40,vibration_9,1.200568
2026-03-30 10:02:45,vibration_9,0.811471
2026-03-30 10:02:50,vibration_9,0.438536
2026-03-30 10:02:55,vibration_9,-0.112245
2026-03-30 10:03:00,vibration_9,-0.681156
2026-03-30 10:03:05,vibration_9,-1.143226
2026-03-30 10:03:10,vibration_9,-1.244539
2026-03-30 10:03:15,vibration_9,-1.187453
2026-03-30 10:03:20,vibration_9,-0.783545
2026-03-30 10:03:25,vibration_9,-0.429512
2026-03-30 10:03:30,vibration_9,0.244913
2026-03-30 10:03:35,vibration_9,0.788466
2026-03-30 10:03:40,vibration_9,1.124863
2026-03-30 10:03:45,vibration_9,1.297932
2026-03-30 10:03:50,vibration_9,1.10734
2026-03-30 10:03:55,vibration_9,0.909591
2026-03-30 10:04:00,vibration_9,0.339889
2026-03-30 10:04:05,vibration_9,-0.145717
2026-03-30 10:04:10,vibration_9,-0.668165
2026-03-30 10:04:15,vibration_9,-1.156446
2026-03-30 10:04:20,vibration_9,-1.202971
2026-03-30 10:04:25,vibration_9,-1.075158
2026-03-30 10:04:30,vibration_9,-0.878337
2026-03-30 10:04:35,vibration_9,-0.334719
2026-03-30 10:04:40,vibration_9,0.290626
2026-03-30 10:04:45,vibration_9,0.705316
2026-03-30 10:04:50,vibration_9,1.180748
2026-03-30 10:04:55,vibration_9,1.2139
2026-03-30 10:05:00,vibration_9,1.181534
2026-03-30 10:05:05,vibration_9,0.727586
2026-03-30 10:05:10,vibration_9,0.280693
2026-03-30 10:05:15,vibration_9,-0.213153
2026-03-30 10:05:20,vibration_9,-0.831282
2026-03-30 10:05:25,vibration_9,-1.168975
2026-03-30 10:05:30,vibration_9,-1.24894
2026-03-30 10:05:35,vibration_9,-1.146249
2026-03-30 10:05:40,vibration_9,-0.83402
2026-03-30 10:05:45,vibration_9,-0.300502
2026-03-30 10:05:50,vibration_9,0.256659
2026-03-30 10:05:55,vibration_9,0.878645
2026-03-30 10:06:00,vibration_9,1.1728
2026-03-30 10:06:05,vibration_9,1.312378
2026-03-30 10:06:10,vibration_9,1.049863
2026-03-30 10:06:15,vibration_9,0.780311
2026-03-30 10:06:20,vibration_9,0.157191
2026-03-30 10:06:25,vibration_9,-0.336275
2026-03-30 10:06:30,vibration_9,-0.810704
2026-03-30 10:06:35,vibration_9,-1.178782
2026-03-30 10:06:40,vibration_9,-1.187861
2026-03-30 10:06:45,vibration_9,-1.078901
2026-03-30 10:06:50,vibration_9,-0.696279
2026-03-30 10:06:55,vibration_9,-0.126576
2026-03-30 10:07:00,vibration_9,0.308039
2026-03-30 10:07:05,vibration_9,0.934557
2026-03-30 10:07:10,vibration_9,1.188675
2026-03-30 10:07:15,vibration_9,1.228248
2026-03-30 10:07:20,vibration_9,1.119536
2026-03-30 10:07:25,vibration_9,0.645354
2026-03-30 10:07:30,vibration_9,0.235146
2026-03-30 10:07:35,vibration_9,-0.388802
2026-03-30 10:07:40,vibration_9,-0.900672
2026-03-30 10:07:45,vibration_9,-1.136396
2026-03-30 10:07:50,vibration_9,-1.251249
2026-03-30 10:07:55,vibration_9,-1.107129
2026-03-30 10:08:00,vibration_9,-0.617493
2026-03-30 10:08:05,vibration_9,-0.197726
2026-03-30 10:08:10,vibration_9,0.481976
2026-03-30 10:08:15,vibration_9,0.860971
2026-03-30 10:08:20,vibration_9,1.211099
2026-03-30 10:08:25,vibration_9,1.315526
2026-03-30 10:08:30,vibration_9,1.051984
2026-03-30 10:08:35,vibration_9,0.655721
2026-03-30 10:08:40,vibration_9,0.064182
2026-03-30 10:08:45,vibration_9,-0.539869
2026-03-30 10:08:50,vibration_9,-0.996484
2026-03-30 10:08:55,vibration_9,-1.254254
2026-03-30 10:09:00,vibration_9,-1.214789
2026-03-30 10:09:05,vibration_9,-1.031267
2026-03-30 10:09:10,vibration_9,-0.600164
2026-03-30 10:09:15,vibration_9,0.000481
2026-03-30 10:09:20,vibration_9,0.430341
2026-03-30 10:09:25,vibration_9,0.899176
2026-03-30 10:09:30,vibration_9,1.231224
2026-03-30 10:09:35,vibration_9,1.151425
2026-03-30 10:09:40,vibration_9,0.922377
2026-03-30 10:09:45,vibration_9,0.551269
2026-03-30 10:09:50,vibration_9,-0.031569
2026-03-30 10:09:55,vibration_9,-0.540825
2026-03-30 10:00:00,vibration_10,-0.044119
2026-03-30 10:00:05,vibration_10,0.639654
2026-03-30 10:00:10,vibration_10,1.111881
2026-03-30 10:00:15,vibration_10,1.250104
2026-03-30 10:00:20,vibration_10,1.196104
2026-03-30 10:00:25,vibration_10,0.760105
2026-03-30 10:00:30,vibration_10,0.104493
2026-03-30 10:00:35,vibration_10,-0.408707
2026-03-30 10:00:40,vibration_10,-1.042693
2026-03-30 10:00:45,vibration_10,-1.333083
2026-03-30 10:00:50,vibration_10,-1.301045
2026-03-30 10:00:55,vibration_10,-0.867798
2026-03-30 10:01:00,vibration_10,-0.263891
2026-03-30 10:01:05,vibration_10,0.368442
2026-03-30 10:01:10,vibration_10,0.874224
2026-03-30 10:01:15,vibration_10,1.198652
2026-03-30 10:01:20,vibration_10,1.198813
2026-03-30 10:01:25,vibration_10,1.024859
2026-03-30 10:01:30,vibration_10,0.488535
2026-03-30 10:01:35,vibration_10,-0.18688
2026-03-30 10:01:40,vibration_10,-0.740824
2026-03-30 10:01:45,vibration_10,-1.185274
2026-03-30 10:01:50,vibration_10,-1.22749
2026-03-30 10:01:55,vibration_10,-1.060263
2026-03-30 10:02:00,vibration_10,-0.66652
2026-03-30 10:02:05,vibration_10,0.064561
2026-03-30 10:02:10,vibration_10,0.55332
2026-03-30 10:02:15,vibration_10,1.102671
2026-03-30 10:02:20,vibration_10,1.282393
2026-03-30 10:02:25,vibration_10,1.134302
2026-03-30 10:02:30,vibration_10,0.693461
2026-03-30 10:02:35,vibration_10,0.207553
2026-03-30 10:02:40,vibration_10,-0.556586
2026-03-30 10:02:45,vibration_10,-0.99352
2026-03-30 10:02:50,vibration_10,-1.206426
2026-03-30 10:02:55,vibration_10,-1.293611
2026-03-30 10:03:00,vibration_10,-0.937988
2026-03-30 10:03:05,vibration_10,-0.306004
2026-03-30 10:03:10,vibration_10,0.324409
2026-03-30 10:03:15,vibration_10,0.912562
2026-03-30 10:03:20,vibration_10,1.286514
2026-03-30 10:03:25,vibration_10,1.224916
2026-03-30 10:03:30,vibration_10,0.971168
2026-03-30 10:03:35,vibration_10,0.446605
2026-03-30 10:03:40,vibration_10,-0.235175
2026-03-30 10:03:45,vibration_10,-0.701824
2026-03-30 10:03:50,vibration_10,-1.130999
2026-03-30 10:03:55,vibration_10,-1.262971
2026-03-30 10:04:00,vibration_10,-1.17661
2026-03-30 10:04:05,vibration_10,-0.571171
2026-03-30 10:04:10,vibration_10,0.03923
2026-03-30 10:04:15,vibration_10,0.620722
2026-03-30 10:04:20,vibration_10,1.136307
2026-03-30 10:04:25,vibration_10,1.289833
2026-03-30 10:04:30,vibration_10,1.132427
2026-03-30 10:04:35,vibration_10,0.700966
2026-03-30 10:04:40,vibration_10,0.120101
2026-03-30 10:04:45,vibration_10,-0.552351
2026-03-30 10:04:50,vibration_10,-1.027985
2026-03-30 10:04:55,vibration_10,-1.237029
2026-03-30 10:05:00,vibration_10,-1.205156
2026-03-30 10:05:05,vibration_10,-0.834658
2026-03-30 10:05:10,vibration_10,-0.289427
2026-03-30 10:05:15,vibration_10,0.285855
2026-03-30 10:05:20,vibration_10,0.898517
2026-03-30 10:05:25,vibration_10,1.226142
2026-03-30 10:05:30,vibration_10,1.323125
2026-03-30 10:05:35,vibration_10,1.005386
2026-03-30 10:05:40,vibration_10,0.441009
2026-03-30 10:05:45,vibration_10,-0.140213
2026-03-30 10:05:50,vibration_10,-0.689698
2026-03-30 10:05:55,vibration_10,-1.221556
2026-03-30 10:06:00,vibration_10,-1.236628
2026-03-30 10:06:05,vibration_10,-1.17519
2026-03-30 10:06:10,vibration_10,-0.664621
2026-03-30 10:06:15,vibration_10,-0.042223
2026-03-30 10:06:20,vibration_10,0.6653
2026-03-30 10:06:25,vibration_10,1.168778
2026-03-30 10:06:30,vibration_10,1.336819
2026-03-30 10:06:35,vibration_10,1.148575
2026-03-30 10:06:40,vibration_10,0.824947
2026-03-30 10:06:45,vibration_10,0.135502
2026-03-30 10:06:50,vibration_10,-0.520295
2026-03-30 10:06:55,vibration_10,-0.936456
2026-03-30 10:07:00,vibration_10,-1.256062
2026-03-30 10:07:05,vibration_10,-1.205519
2026-03-30 10:07:10,vibration_10,-0.863473
2026-03-30 10:07:15,vibration_10,-0.246655
2026-03-30 10:07:20,vibration_10,0.318416
2026-03-30 10:07:25,vibration_10,0.944265
2026-03-30 10:07:30,vibration_10,1.267992
2026-03-30 10:07:35,vibration_10,1.334177
2026-03-30 10:07:40,vibration_10,0.991621
2026-03-30 10:07:45,vibration_10,0.514502
2026-03-30 10:07:50,vibration_10,-0.151679
2026-03-30 10:07:55,vibration_10,-0.794881
2026-03-30 10:08:00,vibration_10,-1.222361
2026-03-30 10:08:05,vibration_10,-1.277815
2026-03-30 10:08:10,vibration_10,-1.165178
2026-03-30 10:08:15,vibration_10,-0.560553
2026-03-30 10:08:20,vibration_10,-0.056865
2026-03-30 10:08:25,vibration_10,0.550584
2026-03-30 10:08:30,vibration_10,1.034695
2026-03-30 10:08:35,vibration_10,1.366067
2026-03-30 10:08:40,vibration_10,1.151453
2026-03-30 10:08:45,vibration_10,0.706815
2026-03-30 10:08:50,vibration_10,0.08753
2026-03-30 10:08:55,vibration_10,-0.551898
2026-03-30 10:09:00,vibration_10,-0.970847
2026-03-30 10:09:05,vibration_10,-1.255553
2026-03-30 10:09:10,vibration_10,-1.204852
2026-03-30 10:09:15,vibration_10,-0.852026
2026-03-30 10:09:20,vibration_10,-0.392774
2026-03-30 10:09:25,vibration_10,0.337773
2026-03-30 10:09:30,vibration_10,0.868056
2026-03-30 10:09:35,vibration_10,1.287183
2026-03-30 10:09:40,vibration_10,1.328104
2026-03-30 10:09:45,vibration_10,1.064272
2026-03-30 10:09:50,vibration_10,0.409114
2026-03-30 10:09:55,vibration_10,-0.104086
